rank,file,t_sec,score,U,A,D,n_boxes,n_ambiguous,empty,selected
1,frame_0123.jpg,49.2,0.7348,0.8136,0.6667,0.64,4,4,False,True
2,frame_0074.jpg,29.6,0.6902,0.4804,0.8333,1.0,5,5,False,True
3,frame_0375.jpg,150.0,0.6674,0.7549,0.8333,0.2,8,5,False,True
4,frame_0374.jpg,149.6,0.657,0.7341,0.8333,0.2,8,5,False,False
5,frame_0206.jpg,82.4,0.652,0.0,0.0,0.76,0,0,True,True
6,frame_0011.jpg,4.4,0.6435,0.787,0.1667,1.0,1,1,False,True
7,frame_0029.jpg,11.6,0.6403,0.5807,0.5,1.0,3,3,False,True
8,frame_0070.jpg,28.0,0.6389,0.4778,0.6667,1.0,5,4,False,False
9,frame_0077.jpg,30.8,0.6371,0.6221,0.5,0.88,6,3,False,False
10,frame_0133.jpg,53.2,0.6293,0.6587,0.3333,1.0,2,2,False,True
11,frame_0129.jpg,51.6,0.6283,0.6046,0.5,0.88,5,3,False,False
12,frame_0073.jpg,29.2,0.6226,0.4452,0.6667,1.0,5,4,False,False
13,frame_0005.jpg,2.0,0.6192,0.4383,0.6667,1.0,4,4,False,True
14,frame_0001.jpg,0.4,0.6058,0.5115,0.5,1.0,6,3,False,False
15,frame_0168.jpg,67.2,0.5987,0.5734,0.6667,0.56,5,4,False,True
16,frame_0199.jpg,79.6,0.596,0.0,0.0,0.48,0,0,True,True
17,frame_0169.jpg,67.6,0.5953,0.5826,0.6667,0.52,6,4,False,False
18,frame_0276.jpg,110.4,0.5863,0.5766,0.8333,0.24,7,5,False,True
19,frame_0291.jpg,116.4,0.5828,0.4296,0.6667,0.84,5,4,False,True
20,frame_0128.jpg,51.2,0.5817,0.4273,0.6667,0.84,5,4,False,False
21,frame_0284.jpg,113.6,0.5807,0.5373,0.6667,0.56,5,4,False,False
22,frame_0376.jpg,150.4,0.575,0.586,0.8333,0.16,6,5,False,False
23,frame_0231.jpg,92.4,0.5736,0.4832,1.0,0.16,7,6,False,False
24,frame_0368.jpg,147.2,0.5696,0.6232,0.8333,0.04,7,5,False,False
25,frame_0289.jpg,115.6,0.5642,0.6244,0.3333,0.76,3,2,False,False
26,frame_0274.jpg,109.6,0.5546,0.6451,0.6667,0.16,6,4,False,False
27,frame_0216.jpg,86.4,0.5521,0.7283,0.3333,0.44,2,2,False,False
28,frame_0306.jpg,122.4,0.5491,0.5023,0.8333,0.24,5,5,False,False
29,frame_0004.jpg,1.6,0.5479,0.4959,0.3333,1.0,5,2,False,False
30,frame_0294.jpg,117.6,0.5475,0.507,0.5,0.72,5,3,False,False
31,frame_0124.jpg,49.6,0.5474,0.4228,0.6667,0.68,6,4,False,False
32,frame_0281.jpg,112.4,0.5471,0.6183,0.5,0.44,4,3,False,False
33,frame_0072.jpg,28.8,0.546,0.492,0.3333,1.0,6,2,False,False
34,frame_0075.jpg,30.0,0.5434,0.4028,0.5,0.96,5,3,False,False
35,frame_0087.jpg,34.8,0.543,0.5941,0.5,0.48,3,3,False,False
36,frame_0008.jpg,3.2,0.5404,0.4808,0.3333,1.0,3,2,False,False
37,frame_0127.jpg,50.8,0.5403,0.4605,0.5,0.8,4,3,False,False
38,frame_0397.jpg,158.8,0.5398,0.5995,0.6667,0.2,5,4,False,False
39,frame_0000.jpg,0.0,0.5397,0.5794,0.1667,1.0,5,1,False,False
40,frame_0006.jpg,2.4,0.5396,0.3793,0.5,1.0,3,3,False,False
41,frame_0015.jpg,6.0,0.538,0.376,0.5,1.0,4,3,False,False
42,frame_0170.jpg,68.0,0.5364,0.4808,0.6667,0.48,7,4,False,False
43,frame_0269.jpg,107.6,0.5355,0.7551,0.5,0.04,3,3,False,False
44,frame_0373.jpg,149.2,0.5326,0.6012,0.6667,0.16,6,4,False,False
45,frame_0398.jpg,159.2,0.5296,0.6632,0.5,0.24,5,3,False,False
46,frame_0287.jpg,114.8,0.5279,0.4837,0.5,0.68,6,3,False,False
47,frame_0112.jpg,44.8,0.5263,0.6726,0.5,0.2,3,3,False,False
48,frame_0386.jpg,154.4,0.5257,0.5554,0.6667,0.24,7,4,False,False
49,frame_0194.jpg,77.6,0.5244,0.6367,0.5,0.28,3,3,False,False
50,frame_0167.jpg,66.8,0.5243,0.5086,0.5,0.6,4,3,False,False
51,frame_0031.jpg,12.4,0.5242,0.3483,0.5,1.0,4,3,False,False
52,frame_0125.jpg,50.0,0.5232,0.4583,0.5,0.72,5,3,False,False
53,frame_0330.jpg,132.0,0.5226,0.6292,0.6667,0.04,6,4,False,False
54,frame_0317.jpg,126.8,0.5209,0.5618,0.6667,0.2,5,4,False,False
55,frame_0071.jpg,28.4,0.5207,0.4415,0.3333,1.0,5,2,False,False
56,frame_0387.jpg,154.8,0.5151,0.4503,0.8333,0.2,9,5,False,False
57,frame_0285.jpg,114.0,0.5144,0.4888,0.5,0.6,4,3,False,False
58,frame_0209.jpg,83.6,0.5132,0.4384,0.5,0.72,3,3,False,False
59,frame_0173.jpg,69.2,0.5087,0.5735,0.5,0.36,6,3,False,False
60,frame_0018.jpg,7.2,0.5071,0.4142,0.3333,1.0,4,2,False,False
61,frame_0183.jpg,73.2,0.5043,0.5926,0.6667,0.04,4,4,False,False
62,frame_0178.jpg,71.2,0.503,0.7421,0.3333,0.16,3,2,False,False
63,frame_0288.jpg,115.2,0.5018,0.5157,0.3333,0.72,5,2,False,False
64,frame_0298.jpg,119.2,0.501,0.4779,0.5,0.56,5,3,False,False
65,frame_0010.jpg,4.0,0.5009,0.5018,0.1667,1.0,1,1,False,False
66,frame_0198.jpg,79.2,0.499,0.722,0.1667,0.44,1,1,False,False
67,frame_0024.jpg,9.6,0.4981,0.4962,0.1667,1.0,1,1,False,False
68,frame_0003.jpg,1.2,0.4972,0.3944,0.3333,1.0,6,2,False,False
69,frame_0300.jpg,120.0,0.4971,0.6023,0.3333,0.48,3,2,False,False
70,frame_0332.jpg,132.8,0.4955,0.5749,0.6667,0.04,6,4,False,False
71,frame_0278.jpg,111.2,0.4935,0.4589,0.6667,0.32,5,4,False,False
72,frame_0367.jpg,146.8,0.4924,0.5528,0.6667,0.08,7,4,False,False
73,frame_0032.jpg,12.8,0.4864,0.4727,0.1667,1.0,3,1,False,False
74,frame_0388.jpg,155.2,0.4863,0.4087,0.8333,0.16,7,5,False,False
75,frame_0067.jpg,26.8,0.4821,0.3643,0.3333,1.0,6,2,False,False
76,frame_0323.jpg,129.2,0.4818,0.7156,0.3333,0.12,2,2,False,False
77,frame_0302.jpg,120.8,0.4814,0.5029,0.5,0.4,6,3,False,False
78,frame_0304.jpg,121.6,0.4814,0.5348,0.5,0.32,5,3,False,False
79,frame_0399.jpg,159.6,0.4783,0.4446,0.6667,0.28,5,4,False,False
80,frame_0116.jpg,46.4,0.4778,0.4116,0.6667,0.36,5,4,False,False
81,frame_0282.jpg,112.8,0.4763,0.4607,0.5,0.48,3,3,False,False
82,frame_0030.jpg,12.0,0.4736,0.3472,0.3333,1.0,4,2,False,False
83,frame_0130.jpg,52.0,0.4722,0.3764,0.3333,0.92,4,2,False,False
84,frame_0069.jpg,27.6,0.4718,0.3437,0.3333,1.0,5,2,False,False
85,frame_0272.jpg,108.8,0.4709,0.6099,0.5,0.08,3,3,False,False
86,frame_0286.jpg,114.4,0.468,0.38,0.5,0.64,5,3,False,False
87,frame_0295.jpg,118.0,0.465,0.458,0.3333,0.68,5,2,False,False
88,frame_0303.jpg,121.2,0.4644,0.3847,0.6667,0.36,5,4,False,False
89,frame_0327.jpg,130.8,0.4641,0.6122,0.5,0.04,6,3,False,False
90,frame_0377.jpg,150.8,0.4635,0.479,0.6667,0.12,6,4,False,False
91,frame_0126.jpg,50.4,0.462,0.42,0.3333,0.76,6,2,False,False
92,frame_0079.jpg,31.6,0.4601,0.3002,0.5,0.8,5,3,False,False
93,frame_0002.jpg,0.8,0.4575,0.3151,0.3333,1.0,5,2,False,False
94,frame_0385.jpg,154.0,0.4574,0.5348,0.5,0.2,4,3,False,False
95,frame_0175.jpg,70.0,0.4532,0.4945,0.5,0.28,5,3,False,False
96,frame_0389.jpg,155.6,0.4526,0.4572,0.6667,0.12,6,4,False,False
97,frame_0290.jpg,116.0,0.4512,0.3824,0.3333,0.8,5,2,False,False
98,frame_0101.jpg,40.4,0.4489,0.6659,0.3333,0.08,2,2,False,False
99,frame_0122.jpg,48.8,0.4484,0.4569,0.3333,0.6,3,2,False,False
100,frame_0131.jpg,52.4,0.4465,0.409,0.1667,0.96,2,1,False,False
101,frame_0068.jpg,27.2,0.4461,0.2923,0.3333,1.0,5,2,False,False
102,frame_0328.jpg,131.2,0.4455,0.4589,0.6667,0.08,8,4,False,False
103,frame_0320.jpg,128.0,0.4432,0.4905,0.5,0.24,7,3,False,False
104,frame_0016.jpg,6.4,0.4421,0.2842,0.3333,1.0,6,2,False,False
105,frame_0305.jpg,122.0,0.4406,0.4692,0.5,0.28,5,3,False,False
106,frame_0111.jpg,44.4,0.4395,0.5151,0.5,0.16,4,3,False,False
107,frame_0176.jpg,70.4,0.4393,0.3825,0.6667,0.24,7,4,False,False
108,frame_0396.jpg,158.4,0.4392,0.4144,0.6667,0.16,6,4,False,False
109,frame_0033.jpg,13.2,0.4378,0.2756,0.3333,1.0,5,2,False,False
110,frame_0080.jpg,32.0,0.4362,0.3685,0.3333,0.76,3,2,False,False
111,frame_0184.jpg,73.6,0.433,0.4339,0.6667,0.08,6,4,False,False
112,frame_0084.jpg,33.6,0.4329,0.4259,0.3333,0.6,2,2,False,False
113,frame_0280.jpg,112.0,0.4311,0.4023,0.5,0.4,5,3,False,False
114,frame_0279.jpg,111.6,0.4256,0.3071,0.6667,0.36,6,4,False,False
115,frame_0094.jpg,37.6,0.4251,0.4702,0.5,0.2,3,3,False,False
116,frame_0224.jpg,89.6,0.4233,0.5986,0.3333,0.12,3,2,False,False
117,frame_0395.jpg,158.0,0.4223,0.4965,0.5,0.12,4,3,False,False
118,frame_0299.jpg,119.6,0.4212,0.4345,0.3333,0.52,4,2,False,False
119,frame_0232.jpg,92.8,0.4208,0.4615,0.5,0.2,6,3,False,False
120,frame_0318.jpg,127.2,0.4207,0.4454,0.5,0.24,7,3,False,False
121,frame_0093.jpg,37.2,0.4193,0.5426,0.3333,0.24,2,2,False,False
122,frame_0013.jpg,5.2,0.4162,0.3324,0.1667,1.0,1,1,False,False
123,frame_0230.jpg,92.0,0.4161,0.5842,0.3333,0.12,7,2,False,False
124,frame_0026.jpg,10.4,0.4147,0.3293,0.1667,1.0,3,1,False,False
125,frame_0078.jpg,31.2,0.4098,0.2837,0.3333,0.84,5,2,False,False
126,frame_0384.jpg,153.6,0.4094,0.3547,0.6667,0.16,7,4,False,False
127,frame_0189.jpg,75.6,0.4087,0.5854,0.3333,0.08,3,2,False,False
128,frame_0188.jpg,75.2,0.4068,0.4975,0.5,0.04,7,3,False,False
129,frame_0118.jpg,47.2,0.4057,0.4355,0.3333,0.44,3,2,False,False
130,frame_0283.jpg,113.2,0.4057,0.4034,0.3333,0.52,4,2,False,False
131,frame_0277.jpg,110.8,0.4025,0.3929,0.5,0.28,6,3,False,False
132,frame_0014.jpg,5.6,0.4005,0.301,0.1667,1.0,3,1,False,False
133,frame_0009.jpg,3.6,0.3998,0.2995,0.1667,1.0,2,1,False,False
134,frame_0297.jpg,118.8,0.3993,0.3587,0.3333,0.6,4,2,False,False
135,frame_0117.jpg,46.8,0.3961,0.4322,0.3333,0.4,5,2,False,False
136,frame_0225.jpg,90.0,0.3958,0.4596,0.5,0.08,5,3,False,False
137,frame_0226.jpg,90.4,0.3944,0.5728,0.3333,0.04,3,2,False,False
138,frame_0379.jpg,151.6,0.394,0.472,0.5,0.04,8,3,False,False
139,frame_0213.jpg,85.2,0.3938,0.4636,0.1667,0.56,1,1,False,False
140,frame_0275.jpg,110.0,0.392,0.404,0.5,0.2,5,3,False,False
141,frame_0020.jpg,8.0,0.3919,0.2838,0.1667,1.0,4,1,False,False
142,frame_0019.jpg,7.6,0.391,0.282,0.1667,1.0,2,1,False,False
143,frame_0321.jpg,128.4,0.391,0.4019,0.5,0.2,4,3,False,False
144,frame_0329.jpg,131.6,0.3883,0.4447,0.5,0.08,7,3,False,False
145,frame_0090.jpg,36.0,0.3882,0.4324,0.3333,0.36,3,2,False,False
146,frame_0378.jpg,151.2,0.385,0.438,0.5,0.08,9,3,False,False
147,frame_0106.jpg,42.4,0.3838,0.4516,0.5,0.04,5,3,False,False
148,frame_0012.jpg,4.8,0.3801,0.2601,0.1667,1.0,2,1,False,False
149,frame_0017.jpg,6.8,0.3799,0.2597,0.1667,1.0,3,1,False,False
150,frame_0097.jpg,38.8,0.3778,0.4236,0.5,0.08,5,3,False,False
151,frame_0076.jpg,30.4,0.373,0.3779,0.0,0.92,4,0,False,False
152,frame_0115.jpg,46.0,0.3706,0.5131,0.1667,0.32,3,1,False,False
153,frame_0218.jpg,87.2,0.3691,0.3942,0.3333,0.36,2,2,False,False
154,frame_0028.jpg,11.2,0.3684,0.2367,0.1667,1.0,4,1,False,False
155,frame_0021.jpg,8.4,0.3681,0.2361,0.1667,1.0,3,1,False,False
156,frame_0007.jpg,2.8,0.366,0.2319,0.1667,1.0,4,1,False,False
157,frame_0220.jpg,88.0,0.3656,0.4193,0.3333,0.28,2,2,False,False
158,frame_0095.jpg,38.0,0.3634,0.4629,0.3333,0.16,4,2,False,False
159,frame_0132.jpg,52.8,0.3631,0.2261,0.1667,1.0,5,1,False,False
160,frame_0081.jpg,32.4,0.3613,0.3345,0.1667,0.72,3,1,False,False
161,frame_0390.jpg,156.0,0.3603,0.3886,0.5,0.08,5,3,False,False
162,frame_0391.jpg,156.4,0.3596,0.4032,0.5,0.04,4,3,False,False
163,frame_0309.jpg,123.6,0.3587,0.4694,0.3333,0.12,4,2,False,False
164,frame_0202.jpg,80.8,0.3561,0.3722,0.1667,0.6,2,1,False,False
165,frame_0027.jpg,10.8,0.3557,0.2113,0.1667,1.0,3,1,False,False
166,frame_0273.jpg,109.2,0.354,0.36,0.5,0.12,5,3,False,False
167,frame_0180.jpg,72.0,0.3516,0.3712,0.5,0.08,4,3,False,False
168,frame_0319.jpg,127.6,0.3515,0.291,0.5,0.28,6,3,False,False
169,frame_0296.jpg,118.4,0.3511,0.3462,0.1667,0.64,6,1,False,False
170,frame_0120.jpg,48.0,0.3478,0.2876,0.3333,0.52,3,2,False,False
171,frame_0201.jpg,80.4,0.3469,0.3698,0.1667,0.56,1,1,False,False
172,frame_0091.jpg,36.4,0.3465,0.4649,0.1667,0.32,2,1,False,False
173,frame_0121.jpg,48.4,0.3443,0.3645,0.1667,0.56,4,1,False,False
174,frame_0190.jpg,76.0,0.3436,0.5391,0.1667,0.12,2,1,False,False
175,frame_0307.jpg,122.8,0.3408,0.4016,0.3333,0.2,5,2,False,False
176,frame_0325.jpg,130.0,0.338,0.46,0.3333,0.04,3,2,False,False
177,frame_0292.jpg,116.8,0.3357,0.3515,0.0,0.8,5,0,False,False
178,frame_0174.jpg,69.6,0.3341,0.3402,0.3333,0.32,4,2,False,False
179,frame_0114.jpg,45.6,0.3334,0.3548,0.3333,0.28,7,2,False,False
180,frame_0333.jpg,133.2,0.3323,0.4327,0.3333,0.08,7,2,False,False
181,frame_0301.jpg,120.4,0.3313,0.2866,0.3333,0.44,5,2,False,False
182,frame_0208.jpg,83.2,0.3275,0.251,0.1667,0.76,2,1,False,False
183,frame_0315.jpg,126.0,0.3246,0.4012,0.3333,0.12,5,2,False,False
184,frame_0370.jpg,148.0,0.324,0.332,0.5,0.04,5,3,False,False
185,frame_0085.jpg,34.0,0.322,0.3199,0.1667,0.56,3,1,False,False
186,frame_0092.jpg,36.8,0.3219,0.5318,0.0,0.28,2,0,False,False
187,frame_0089.jpg,35.6,0.3213,0.2827,0.3333,0.4,6,2,False,False
188,frame_0293.jpg,117.2,0.32,0.236,0.1667,0.76,4,1,False,False
189,frame_0322.jpg,128.8,0.3195,0.3751,0.3333,0.16,4,2,False,False
190,frame_0233.jpg,93.2,0.318,0.44,0.1667,0.24,5,1,False,False
191,frame_0102.jpg,40.8,0.3161,0.4842,0.1667,0.12,1,1,False,False
192,frame_0313.jpg,125.2,0.3157,0.5154,0.1667,0.04,2,1,False,False
193,frame_0108.jpg,43.2,0.3148,0.4137,0.3333,0.04,4,2,False,False
194,frame_0228.jpg,91.2,0.314,0.4121,0.3333,0.04,3,2,False,False
195,frame_0177.jpg,70.8,0.3058,0.4316,0.1667,0.2,6,1,False,False
196,frame_0271.jpg,108.4,0.303,0.4899,0.1667,0.04,4,1,False,False
197,frame_0023.jpg,9.2,0.3025,0.205,0.0,1.0,1,0,False,False
198,frame_0022.jpg,8.8,0.2996,0.1992,0.0,1.0,1,0,False,False
199,frame_0104.jpg,41.6,0.2956,0.3432,0.3333,0.12,3,2,False,False
200,frame_0229.jpg,91.6,0.2919,0.3518,0.3333,0.08,4,2,False,False
201,frame_0172.jpg,68.8,0.2918,0.3235,0.1667,0.4,6,1,False,False
202,frame_0394.jpg,157.6,0.2907,0.3494,0.3333,0.08,3,2,False,False
203,frame_0308.jpg,123.2,0.2899,0.3159,0.3333,0.16,5,2,False,False
204,frame_0210.jpg,84.0,0.289,0.2059,0.1667,0.68,3,1,False,False
205,frame_0314.jpg,125.6,0.2833,0.3346,0.3333,0.08,3,2,False,False
206,frame_0217.jpg,86.8,0.2827,0.3053,0.1667,0.4,2,1,False,False
207,frame_0179.jpg,71.6,0.2822,0.3165,0.3333,0.12,5,2,False,False
208,frame_0083.jpg,33.2,0.2821,0.2082,0.1667,0.64,4,1,False,False
209,frame_0025.jpg,10.0,0.282,0.164,0.0,1.0,1,0,False,False
210,frame_0105.jpg,42.0,0.2814,0.3308,0.3333,0.08,6,2,False,False
211,frame_0214.jpg,85.6,0.2772,0.2463,0.1667,0.52,2,1,False,False
212,frame_0316.jpg,126.4,0.2757,0.3874,0.1667,0.16,5,1,False,False
213,frame_0086.jpg,34.4,0.2748,0.2416,0.1667,0.52,4,1,False,False
214,frame_0109.jpg,43.6,0.2658,0.2997,0.3333,0.08,5,2,False,False
215,frame_0196.jpg,78.4,0.2653,0.2866,0.1667,0.36,2,1,False,False
216,frame_0098.jpg,39.2,0.264,0.312,0.3333,0.04,6,2,False,False
217,frame_0088.jpg,35.2,0.2609,0.2457,0.1667,0.44,4,1,False,False
218,frame_0100.jpg,40.0,0.2607,0.4053,0.1667,0.04,4,1,False,False
219,frame_0195.jpg,78.0,0.2585,0.289,0.1667,0.32,3,1,False,False
220,frame_0381.jpg,152.4,0.2582,0.3004,0.3333,0.04,4,2,False,False
221,frame_0310.jpg,124.0,0.2536,0.2753,0.3333,0.08,4,2,False,False
222,frame_0383.jpg,153.2,0.25,0.3519,0.1667,0.12,3,1,False,False
223,frame_0185.jpg,74.0,0.2492,0.3664,0.1667,0.08,5,1,False,False
224,frame_0096.jpg,38.4,0.2457,0.3433,0.1667,0.12,5,1,False,False
225,frame_0119.jpg,47.6,0.2434,0.1948,0.1667,0.48,3,1,False,False
226,frame_0186.jpg,74.4,0.2414,0.2668,0.3333,0.04,7,2,False,False
227,frame_0219.jpg,87.6,0.2353,0.2425,0.1667,0.32,3,1,False,False
228,frame_0113.jpg,45.2,0.2326,0.2692,0.1667,0.24,5,1,False,False
229,frame_0191.jpg,76.4,0.2274,0.2907,0.1667,0.16,3,1,False,False
230,frame_0204.jpg,81.6,0.2243,0.1766,0.0,0.68,2,0,False,False
231,frame_0267.jpg,106.8,0.2214,0.2947,0.1667,0.12,2,1,False,False
232,frame_0211.jpg,84.4,0.2211,0.1862,0.0,0.64,1,0,False,False
233,frame_0311.jpg,124.4,0.218,0.32,0.1667,0.04,3,1,False,False
234,frame_0221.jpg,88.4,0.2166,0.2371,0.1667,0.24,4,1,False,False
235,frame_0082.jpg,32.8,0.2156,0.1591,0.0,0.68,3,0,False,False
236,frame_0203.jpg,81.2,0.2152,0.1745,0.0,0.64,3,0,False,False
237,frame_0222.jpg,88.8,0.2139,0.2478,0.1667,0.2,3,1,False,False
238,frame_0207.jpg,82.8,0.2117,0.1034,0.0,0.8,1,0,False,False
239,frame_0371.jpg,148.4,0.2089,0.2858,0.1667,0.08,7,1,False,False
240,frame_0205.jpg,82.0,0.2041,0.1202,0.0,0.72,1,0,False,False
241,frame_0197.jpg,78.8,0.2002,0.2404,0.0,0.4,1,0,False,False
242,frame_0223.jpg,89.2,0.1949,0.3258,0.0,0.16,5,0,False,False
243,frame_0212.jpg,84.8,0.1916,0.1432,0.0,0.6,1,0,False,False
244,frame_0324.jpg,129.6,0.1892,0.2463,0.1667,0.08,4,1,False,False
245,frame_0382.jpg,152.8,0.1873,0.2425,0.1667,0.08,3,1,False,False
246,frame_0171.jpg,68.4,0.1869,0.1978,0.0,0.44,4,0,False,False
247,frame_0200.jpg,80.0,0.1827,0.1574,0.0,0.52,1,0,False,False
248,frame_0372.jpg,148.8,0.1772,0.3065,0.0,0.12,6,0,False,False
249,frame_0110.jpg,44.0,0.1718,0.1955,0.1667,0.12,3,1,False,False
250,frame_0181.jpg,72.4,0.1678,0.2195,0.1667,0.04,4,1,False,False
251,frame_0393.jpg,157.2,0.1653,0.2146,0.1667,0.04,4,1,False,False
252,frame_0103.jpg,41.2,0.1608,0.2575,0.0,0.16,2,0,False,False
253,frame_0215.jpg,86.0,0.1607,0.1294,0.0,0.48,2,0,False,False
254,frame_0192.jpg,76.8,0.1507,0.2215,0.0,0.2,3,0,False,False
255,frame_0193.jpg,77.2,0.1425,0.1889,0.0,0.24,5,0,False,False
256,frame_0268.jpg,107.2,0.1371,0.2421,0.0,0.08,4,0,False,False
